schoolID,name_full,city,state,country
abilchrist,Abilene Christian University,Abilene,TX,USA
adelphi,Adelphi University,Garden City,NY,USA
adrianmi,Adrian College,Adrian,MI,USA
akron,University of Akron,Akron,OH,USA
alabama,University of Alabama,Tuscaloosa,AL,USA
alabamaam,Alabama A&M University,Normal,AL,USA
alabamast,Alabama State University,Montgomery,AL,USA
albanyst,Albany State University,Albany,GA,USA
albertsnid,Albertson College,Caldwell,ID,USA
albevil,Bevill State Community College,Sumiton,AL,USA
albionmi,Albion College,Albion,MI,USA
albrightpa,Albright College,Reading,PA,USA
alcalho,Calhoun Community College,Decatur,AL,USA
alchatt,Chattahoochee Valley Community College,Phenix City,AL,USA
alcornst,Alcorn State University,Lorman,MS,USA
alenter,Enterprise-Ozark Community College,Enterprise,AL,USA
alfaulk,Faulkner University,Montgomery,AL,USA
alfscco,Faulkner State College,Bay Minette,AL,USA
algadsd,Gadsden State Community College,Gadsden,AL,USA
aljeffd,Jefferson Davis Community College,Brewton,AL,USA
allegheny,Allegheny College,Meadville,PA,USA
allurle,Lurleen B Wallace Community College,Andalusia,AL,USA
almami,Alma College,Alma,MI,USA
almario,Marion Military Institute,Marion,AL,USA
almiles,Miles College,Fairfield,AL,USA
alnorth,Northwest-Shoals Community College,Muscle Shoals,AL,USA
alsuscc,Southern Union State Community College,Wadley,AL,USA
alverniapa,Alvernia College,Reading,PA,USA
alwsdot,Wallace State Community College (Dothan),Dothan,AL,USA
alwshan,Wallace State Community College (Hanceville),Hanceville,AL,USA
american,American University,Washington,DC,USA
amerintl,American International University,Springfield,MA,USA
amherstma,Amherst College,Amherst,MA,USA
andersonsc,Anderson College,Anderson,SC,USA
appalst,Appalachian State University,Boone,NC,USA
aquinasmi,Aquinas College,Grand Rapids,MI,USA
arftsmi,University of Arkansas-Fort Smith,Fort Smith,AR,USA
arizona,University of Arizona,Tucson,AZ,USA
arizonast,Arizona State University,Tempe,AZ,USA
arkansas,University of Arkansas,Fayetteville,AR,USA
arkansaslr,University of Arkansas at Little Rock,Little Rock,AR,USA
arkansaspb,University of Arkansas at Pine Bluff,Pine Bluff,AR,USA
arkansasst,Arkansas State University,Jonesboro,AR,USA
arkmont,University of Arkansas at Monticello,Monticello,AR,USA
arktech,Arkansas Tech University,Russellville,AR,USA
armstratl,Armstrong Atlantic State University,Savannah,GA,USA
army,United States Military Academy,West Point,NY,USA
arnorth,North Arkansas College,Bentonville,AR,USA
ashland,Ashland University,Ashland,OH,USA
athensst,Athens State University,Athens,AL,USA
auburn,Auburn University,Auburn,AL,USA
auburnmont,Auburn University at Montgomery,Montgomery,AL,USA
augsburgmn,Augsburg College,Minneapolis,MN,USA
austincol,Austin College,Sherman,TX,USA
austinpeay,Austin Peay State University,Clarksville,TN,USA
azcentr,Central Arizona College,Coolidge,AZ,USA
azchand,Chandler-Gilbert Community College,Chandler,AZ,USA
azcochi,Cochise Community College,Douglas,AZ,USA
azmescc,Mesa Community College,Mesa,AZ,USA
azphoen,Phoenix College,Phoenix,AZ,USA
azpimcc,Pima Community College,Tucson,AZ,USA
azscott,Scottsdale Community College,Scottsdale,AZ,USA
azsouth,South Mountain Community College,Phoenix,AZ,USA
azusapac,Azusa Pacific University,Azusa,CA,USA
azweste,Arizona Western College,Yuma,AZ,USA
azyavap,Yavapai College,Prescott,AZ,USA
baconeok,Bacone College,Muskogee,OK,USA
bakerks,Baker University,Baldwin City,KS,USA
baldwalloh,Baldwin-Wallace College,Berea,OH,USA
ballst,Ball State University,Muncie,IN,USA
bartonnc,Barton College,Wilson,NC,USA
baruchcuny,Bernard M Baruch College,New York,NY,USA
batesme,Bates College,Lewiston,ME,USA
baylor,Baylor University,Waco,TX,USA
belmont,Belmont University,Nashville,TN,USA
belmontab,Belmont Abbey College,Belmont,NC,USA
beloitwi,Beloit College,Beloit,WI,USA
benedctnks,Benedictine College,Atchison,KS,USA
bethanywv,Bethany College,Bethany,WV,USA
bethcook,Bethune-Cookman College,Daytona Beach,FL,USA
betheltn,Bethel College,McKenzie,TN,USA
biolaca,Biola University,La Mirada,CA,USA
birmsouth,Birmingham-Southern College,Birmingham,AL,USA
blackbrnil,Blackburn College,Carlinville,IL,USA
bloomsburg,Bloomsburg University of Pennsylvania,Bloomsburg,PA,USA
bluefield,Bluefield College,Bluefield,VA,USA
boisest,Boise State University,Boise,ID,USA
bostoncoll,Boston College,Chestnut Hill,MA,USA
bostonuniv,Boston University,Boston,MA,USA
bowdoinme,Bowdoin College,Brunswick,ME,USA
bowlgreen,Bowling Green State University,Bowling Green,OH,USA
bradley,Bradley University,Peoria,IL,USA
brandeisma,Brandeis University,Waltham,MA,USA
brdgwatrva,Bridgewater College,Bridgewater,VA,USA
brewparker,Brewton-Parker College,Mount Vernon,GA,USA
bridgeport,University of Bridgeport,Bridgeport,CT,USA
bridgwtrst,Bridgewater State College,Bridgewater,MA,USA
brklyncuny,"Brooklyn College, The City University of New York",Brooklyn,NY,USA
brown,Brown University,Providence,RI,USA
bryant,Bryant College,Smithfield,RI,USA
bucknell,Bucknell University,Lewisburg,PA,USA
buenavista,Buena Vista University,Storm Lake,IA,USA
buffalost,Buffalo State College,Buffalo,NY,USA
butler,Butler University,Indianapolis,IN,USA
byu,Brigham Young University,Provo,UT,USA
caallan,Allan Hancock College,Santa Maria,CA,USA
caameri,American River College,Sacramento,CA,USA
caantel,Antelope Valley College,Lancaster,CA,USA
cabakjc,Bakersfield College,Bakersfield,CA,USA
cabarst,Barstow Community College,Barstow,CA,USA
cabutte,Butte College,Oroville,CA,USA
cacabri,Cabrillo College,Aptos,CA,USA
cacanad,Canada College,Redwood City,CA,USA
cacanyo,College of the Canyons,Santa Clarita,CA,USA
cacerri,Cerritos College,Norwalk,CA,USA
cachabo,Chabot College,Hayward,CA,USA
cachaff,Chaffey College,Rancho Cucamonga,CA,USA
cacitru,Citrus College,Glendora,CA,USA
cacompt,Compton Community College,Compton,CA,USA
cacontr,Contra Costa College,San Pablo,CA,USA
cacosum,Cosumnes River College,Sacramento,CA,USA
cacsmat,College of San Mateo,San Mateo,CA,USA
cacuest,Cuesta College,San Luis Obispo,CA,USA
cacypre,Cypress College,Cypress,CA,USA
cadeanz,DeAnza College,Cupertino,CA,USA
cadiabl,Diablo Valley College,Pleasant Hill,CA,USA
caelajc,East Los Angeles College,Monterey Park,CA,USA
caelcam,El Camino College,Torrance,CA,USA
cafeath,Feather River College,Quincy,CA,USA
cafooth,Foothill College,Los Altos Hills,CA,USA
cafrecc,Fresno City College,Fresno,CA,USA
cafrepa,Fresno Pacific University,Fresno,CA,USA
cafulle,Fullerton College,Fullerton,CA,USA
cagavil,Gavilan College,Gilroy,CA,USA
caglend,Glendale Community College,Glendale,CA,USA
cagolde,Golden West College,Huntington Beach,CA,USA
caharbo,Los Angeles Harbor College,Wilmington,CA,USA
cahartn,Hartnell College,Salinas,CA,USA
caimper,Imperial Valley College,Imperial,CA,USA
calacco,Los Angeles City College,Los Angeles,CA,USA
calamjc,Los Angeles Mission College,Sylmar,CA,USA
calaney,Laney College,Oakland,CA,USA
calasse,Lassen College,Susanville,CA,USA
calavco,Los Angeles Valley College,Los Angeles,CA,USA
california,"University of California, Berkeley",Berkeley,CA,USA
calipa,California University of Pennsylvania,California,PA,USA
calobcc,Long Beach City College,Long Beach,CA,USA
calpoly,"California Polytechnic State University, San Luis Obispo",San Luis Obispo,CA,USA
calpolypom,"California Polytechnic State University, Pomona",Pomona,CA,USA
calstfull,California State University Fullerton,Fullerton,CA,USA
calstla,California State University Los Angeles,Los Angeles,CA,USA
calstnorth,California State University Northridge,Los Angeles,CA,USA
calutheran,California Lutheran University,Thousand Oaks,CA,USA
camarin,College of Marin,Kentfield,CA,USA
camendo,Mendocino College,Ukiah,CA,USA
camenlo,Menlo College,Atherton,CA,USA
camerce,Merced College,Merced,CA,USA
cameronok,Cameron University,Lawton,OK,USA
camerri,Merritt College,Oakland,CA,USA
camirac,MiraCosta College,Oceanside,CA,USA
camissi,Mission College,Santa Clara,CA,USA
camodes,Modesto Junior College,Modesto,CA,USA
camoorp,Moorpark College,Moorpark,CA,USA
campbell,Campbell University,Buies Creek,NC,USA
campjco,Monterey Peninsula College,Monterey,CA,USA
camsajc,Mount San Antonio College,Walnut,CA,USA
camsjjc,Mount San Jacinto College,San Jacinto,CA,USA
canapav,Napa Valley College,Napa,CA,USA
canisius,Canisius College,Buffalo,NY,USA
caorang,Orange Coast College,Costa Mesa,CA,USA
capalom,Palomar College,San Marcos,CA,USA
capasad,Pasadena City College,Pasadena,CA,USA
capierc,Los Angeles Pierce College,Woodland Hills,CA,USA
caporte,Porterville College,Porterville,CA,USA
caranch,Rancho Santiago College,Santa Ana,CA,USA
caredwo,College of the Redwoods,Eureka,CA,USA
careedl,Reedley College,Reedley,CA,USA
carioho,Rio Hondo College,Whittier,CA,USA
carivcc,Riverside Community College,Riverside,CA,USA
carkansas,University of Central Arkansas,Conway,AR,USA
carsnewm,Carson-Newman College,Jefferson City,TN,USA
carthagewi,Carthage College,Kenosha,WI,USA
casacra,Sacramento City College,Sacramento,CA,USA
casaddl,Saddleback College,Mission Viejo,CA,USA
casajco,Santa Ana College,Santa Ana,CA,USA
casanbe,California State University San Bernardino,San Bernardino,CA,USA
casbcco,Santa Barbara City College,Santa Barbara,CA,USA
casbvjc,San Bernardino Valley College,San Bernardino,CA,USA
casdmjc,San Diego Mesa College,San Diego,CA,USA
casequo,College of the Sequoias,Visalia,CA,USA
casewestrn,Case Western Reserve University,Cleveland,OH,USA
casfcco,City College of San Francisco,San Francisco,CA,USA
cashast,Shasta College,Redding,CA,USA
casierr,Sierra College,Rocklin,CA,USA
casiski,College of the Siskiyous,Weed,CA,USA
casjcco,San Jose City College,San Jose,CA,USA
casjdjc,San Joaquin Delta College,Stockton,CA,USA
caskyli,Skyline JC,San Bruno,CA,USA
casmjco,Santa Monica College,Santa Monica,CA,USA
casolan,Solano Community College,Fairfield,CA,USA
casrjco,Santa Rosa Junior College,Santa Rosa,CA,USA
caswjco,Southwestern College,Chula Vista,CA,USA
catafjc,Taft College,Taft,CA,USA
catawba,Catawba College,Salisbury,NC,USA
catholic,Catholic University of America,Washington,DC,USA
caventu,Ventura College,Ventura,CA,USA
cawhjco,West Hills College,Coalinga,CA,USA
cawlajc,West Los Angeles College,Culver City,CA,USA
cawvjco,West Valley College,Saratoga,CA,USA
cconnst,Central Connecticut State University,New Britain,CT,USA
ccri,Community College of Rhode Island,Warwick,RI,USA
centenary,Centenary College of Louisiana,Shreveport,LA,USA
centok,University of Central Oklahoma,Edmond,OK,USA
centralst,Central State University,Wilberforce,OH,USA
centreky,Centre College,Danville,KY,USA
cflorida,University of Central Florida,Orlando,FL,USA
chapmanca,Chapman University,Orange,CA,USA
charleston,College of Charleston,Charleston,SC,USA
charleswv,University of Charleston,Charleston,WV,USA
charlotte,University of North Carolina at Charlotte,Charlotte,NC,USA
charlsouth,Charleston Southern University,Charleston,SC,USA
chicago,University of Chicago,Chicago,IL,USA
chicagost,Chicago State University,Chicago,IL,USA
chicost,California State University Chico,Chico,CA,USA
cincy,University of Cincinnati,Cincinnati,OH,USA
citadel,The Citadel,Charleston,SC,USA
clarion,Clarion University of Pennsylvania,Clarion,PA,USA
clarksonny,Clarkson University,Potsdam,NY,USA
clemson,Clemson University,Clemson,SC,USA
clevst,Cleveland State University,Cleveland,OH,USA
clrmuddscr,Claremont McKenna College,Claremont,CA,USA
cmichigan,Central Michigan University,Mount Pleasant,MI,USA
cmissouri,University of Central Missouri,Warrensburg,MO,USA
cncrdiacol,Concordia College-Moorhead,Moorhead,MN,USA
coastcar,Coastal Carolina University,Conway,SC,USA
coftlew,Fort Lewis College,Durango,CO,USA
colamar,Lamar Community College,Lamar,CO,USA
colbyme,Colby College,Waterville,ME,USA
colgate,Colgate University,Hamilton,NY,USA
colocollege,Colorado College,Colorado Springs,CO,USA
colorado,University of Colorado,Boulder,CO,USA
coloradost,Colorado State University,Fort Collins,CO,USA
columbia,Columbia University,New York,NY,USA
comines,Colorado School of Mines,Golden,CO,USA
concordny,Concordia College-Bronxville,Bronxville,NY,USA
concrdiamn,Concordia University-St. Paul,St. Paul,MN,USA
concrdiatx,Concordia University at Austin,Austin,TX,USA
cornell,Cornell University,Ithaca,NY,USA
cornellia,Cornell College,Mount Vernon,IA,USA
costpue,Colorado State University-Pueblo,Pueblo,CO,USA
cotrini,Trinidad State Junior College,Trinidad,CO,USA
crdstritch,Cardinal Stritch University,Milwaukee,WI,USA
creighton,Creighton University,Omaha,NE,USA
crngmellon,Carnegie Mellon University,Pittsburgh,PA,USA
csdomhills,California State University Dominguez Hills,Carson,CA,USA
cshayward,California State University East Bay,Hayward,CA,USA
csstanisl,California State University Stanislaus,Turlock,CA,USA
ctconap,University of Connecticut at Avery Point,Groton,CT,USA
ctmitch,Mitchell College,New London,CT,USA
ctnorwa,Norwalk Community College,Norwalk,CT,USA
cumbrlndtn,Cumberland University,Lebanon,TN,USA
cwashngton,Central Washington University,Ellensburg,WA,USA
cwpost,"Long Island University, C W Post Campus",Brookville,NY,USA
dallasbapt,Dallas Baptist University,Dallas,TX,USA
dartmouth,Dartmouth College,Hanover,NH,USA
davidson,Davidson College,Davidson,NC,USA
daviselkins,Davis and Elkins College,Elkins,WV,USA
dayton,University of Dayton,Dayton,OH,USA
dcbenfr,Benjamin Franklin University,Washington,DC,USA
debrand,Brandywine Junior College,Wilmington,DE,USA
dedelaw,Delaware Technical and Community College,Dover,DE,USA
delaware,University of Delaware,Newark,DE,USA
delawarest,Delaware State University,Dover,DE,USA
deltast,Delta State University,Cleveland,MS,USA
denisonoh,Denison University,Granville,OH,USA
denver,University of Denver,Denver,CO,USA
depaul,DePaul University,Chicago,IL,USA
depauwin,DePauw University,Greencastle,IN,USA
detroit,University of Detroit Mercy,Detroit,MI,USA
dickinson,Dickinson College,Carlisle,PA,USA
dominican,Dominican College,Orangeburg,NY,USA
drake,Drake University,Des Moines,IA,USA
dubuque,University of Dubuque,Dubuque,IA,USA
duke,Duke University,Durham,NC,USA
duquesne,Duquesne University,Pittsburgh,PA,USA
ecarolina,East Carolina University,Greenville,NC,USA
ecentralok,East Central University,Ada,OK,USA
eckerd,Eckerd College,St. Petersburg,FL,USA
econnst,Eastern Connecticut State University,Willimantic,CT,USA
edinboro,Edinboro University of Pennsylvania,Edinboro,PA,USA
eillinois,Eastern Illinois University,Charleston,IL,USA
ekentucky,Eastern Kentucky University,Richmond,KY,USA
elizbthtwn,Elizabethtown College,Elizabethtown,PA,USA
elon,Elon University,Elon,NC,USA
emichigan,Eastern Michigan University,Ypsilanti,MI,USA
emoryga,Emory University,Atlanta,GA,USA
emoryhenry,Emory and Henry College,Emory,VA,USA
emporiast,Emporia State University,Emporia,KS,USA
erskine,Erskine College,Due West,SC,USA
estroud,East Stroudsburg University of Pennsylvania,East Stroudsburg,PA,USA
etennst,East Tennessee State University,Johnson City,TN,USA
etxbaptist,East Texas Baptist University,Marshall,TX,USA
eurekail,Eureka College,Eureka,IL,USA
eutah,College of Eastern Utah,Price,UT,USA
evansville,University of Evansville,Evansville,IN,USA
fairfield,Fairfield University,Fairfield,CT,USA
fairldick,"Fairleigh Dickinson University, Metropolitan Campus",Teaneck,NJ,USA
fayetvilst,Fayetteville State University,Fayetteville,NC,USA
ferrisst,Ferris State University,Big Rapids,MI,USA
ferrumva,Ferrum College,Ferrum,VA,USA
flagler,Flagler College,St. Augustine,FL,USA
flatlantic,Florida Atlantic University,Boca Raton,FL,USA
flbarry,Barry University,Miami Shores,FL,USA
flbreva,Brevard Community College,Cocoa,FL,USA
flbrowa,Broward Community College,Fort Lauderdale,FL,USA
flcentr,Central Florida Community College,Ocala,FL,USA
flchipo,Chipola College,Marianna,FL,USA
fldayto,Daytona Beach Community College,Daytona Beach,FL,USA
flediso,Edison College,Fort Myers,FL,USA
flflajc,Florida College,Jacksonville,FL,USA
flgateway,Florida Gateway College,Lake City,FL,USA
flgccco,Gulf Coast Community College,Panama City,FL,USA
flgulfc,Florida Gulf Coast University,Fort Myers,FL,USA
flhills,Hillsborough Community College,Tampa,FL,USA
flindia,Indian River Community College,Fort Pierce,FL,USA
flinternat,Florida International University,Miami,FL,USA
fllynnu,Lynn University,Boca Raton,FL,USA
flmanat,"State College of Florida, Manatee-Sarasota",Bradenton,FL,USA
flmdkjc,"Miami-Dade College, Kendall Campus",Miami,FL,USA
flmdnjc,"Miami-Dade College, North Campus",Miami,FL,USA
flmdwjc,"Miami-Dade College, Wolfson Campus",Miami,FL,USA
flnfcco,North Florida Community College,Madison,FL,USA
flnovas,Nova Southeastern University,Fort Lauderdale,FL,USA
flnwfsc,Northwest Florida State College,Niceville,FL,USA
flokalo,Okaloosa-Walton College,Niceville,FL,USA
florida,University of Florida,Gainesville,FL,USA
floridaam,Florida Agricultural and Mechanical University,Tallahassee,FL,USA
floridast,Florida State University,Tallahassee,FL,USA
flpalme,Palmer College,DeFuniak Springs,FL,USA
flpasco,Pasco-Hernando Community College,New Port Richey,FL,USA
flpbaun,Palm Beach Atlantic University,West Palm Beach,FL,USA
flpensa,Pensacola Junior College,Pensacola,FL,USA
flpolkc,Polk Community College,Winter Haven,FL,USA
flsanta,Santa Fe Community College,Gainesville,FL,USA
flsjrcc,St. Johns River Community College,Palatka,FL,USA
flsouthern,Florida Southern College,Lakeland,FL,USA
flstpet,St. Petersburg College,St. Petersburg,FL,USA
fltalla,Tallahassee Community College,Tallahassee,FL,USA
fltech,Florida Institute of Technology,Melbourne,FL,USA
flvalen,Valencia Community College,Orlando,FL,USA
fordham,Fordham University,New York,NY,USA
forthays,Fort Hays State University,Hays,KS,USA
franklinin,Franklin College,Franklin,IN,USA
frankmarsh,Franklin and Marshall College,Lancaster,PA,USA
freedhrdmn,Freed-Hardeman University,Henderson,TN,USA
fresnost,California State University Fresno,Fresno,CA,USA
friendsks,Friends University,Wichita,KS,USA
furman,Furman University,Greenville,SC,USA
gaberry,Berry College,Mount Berry,GA,USA
gacoast,Coastal Georgia Community College,Brunswick,GA,USA
gacollege,Georgia College and State University,Milledgeville,GA,USA
gacolum,Columbus State University,Columbus,GA,USA
gagpjco,Georgia Perimeter College,Covington,GA,USA
gallaudet,Gallaudet University,Washington,DC,USA
gamiddl,Middle Georgia College,Cochran,GA,USA
gannon,Gannon University,Erie,PA,USA
gardwebb,Gardner-Webb University,Boiling Springs,NC,USA
gasgajc,South Georgia College,Douglas,GA,USA
gaswestern,Georgia Southwestern State University,Americus,GA,USA
gatech,Georgia Institute of Technology,Atlanta,GA,USA
genevapa,Geneva College,Beaver Falls,PA,USA
georgefox,George Fox University,Newberg,OR,USA
georgemas,George Mason University,Fairfax,VA,USA
georgetown,Georgetown University,Washington,DC,USA
georgewash,George Washington University,Washington,DC,USA
georgia,University of Georgia,Athens,GA,USA
georgiasou,Georgia Southern University,Statesboro,GA,USA
georgiast,Georgia State University,Atlanta,GA,USA
georgtwnky,Georgetown College,Georgetown,KY,USA
gettysburg,Gettysburg College,Gettysburg,PA,USA
glenvilst,Glenville State College,Glenville,WV,USA
gonzaga,Gonzaga University,Spokane,WA,USA
grambling,Grambling State University,Grambling,LA,USA
grandview,Grand View College,Des Moines,IA,USA
grcanyon,Grand Canyon University,Phoenix,AZ,USA
grinnellia,Grinnell College,Grinnell,IA,USA
grossmont,Grossmont College,El Cajon,CA,USA
grovecity,Grove City College,Grove City,PA,USA
grvalleyst,Grand Valley State University,Allendale,MI,USA
guilfordnc,Guilford College,Greensboro,NC,USA
hamlinemn,Hamline University,St. Paul,MN,USA
hampsydney,Hampden-Sydney College,Hampden-Sydney,VA,USA
harding,Harding University,Searcy,AR,USA
hardinsimm,Hardin-Simmons University,Abilene,TX,USA
hartford,University of Hartford,West Hartford,CT,USA
hartwickny,Hartwick College,Oneonta,NY,USA
harvard,Harvard University,Cambridge,MA,USA
haskellks,Haskell Indian Nations University,Lawrence,KS,USA
hawaii,University of Hawaii at Manoa,Honolulu,HI,USA
hawaiihilo,University of Hawaii at Hilo,Hilo,HI,USA
hawaiipac,Hawaii Pacific University,Honolulu,HI,USA
heidelberg,Heidelberg College,Tiffin,OH,USA
hendrixar,Hendrix College,Conway,AR,USA
hendrsonst,Henderson State University,Arkadelphia,AR,USA
highpoint,High Point University,High Point,NC,USA
hillsdale,Hillsdale College,Hillsdale,MI,USA
hiramoh,Hiram College,Hiram,OH,USA
hobartny,Hobart and William Smith Colleges,Geneva,NY,USA
hofstra,Hofstra University,Hempstead,NY,USA
holycross,College of the Holy Cross,Worcester,MA,USA
hopemi,Hope College,Holland,MI,USA
houstnbapt,Houston Baptist University,Houston,TX,USA
houston,University of Houston,Houston,TX,USA
howard,Howard University,Washington,DC,USA
howrdpayne,Howard Payne University,Brownwood,TX,USA
humboldtst,Humboldt State University,Arcata,CA,USA
huntercuny,"Hunter College, The City University of New York",New York,NY,USA
iadesmo,Des Moines University,Des Moines,IA,USA
iadmacc,Des Moines Area Community College,Boone,IA,USA
iaellsw,Ellsworth College,Iowa Falls,IA,USA
iahighl,Highland Park College,Des Moines,IA,USA
iaindia,Indian Hills Community College,Centerville,IA,USA
iakirkw,Kirkwood Community College,Cedar Rapids,IA,USA
iaparso,Parsons College,Fairfield,IA,USA
iaseccs,"Southeastern Iowa Community College, Keokuk Campus",Keokuk,IA,USA
iasimps,Simpson College,Indianola,IA,USA
iawescc,Iowa Western Community College,Council Bluffs,IA,USA
iawesleyan,Iowa Wesleyan College,Mount Pleasant,IA,USA
idaho,University of Idaho,Moscow,ID,USA
idahost,Idaho State University,Pocatello,ID,USA
idbyuid,Brigham Young University-Idaho,Rexburg,ID,USA
idcosid,College of Southern Idaho,Twin Falls,ID,USA
idnidjc,North Idaho College,Coeur d'Alene,ID,USA
ilaugus,Augustana College,Rock Island,IL,USA
ilcenjc,Illinois Central College,East Peoria,IL,USA
ilcollege,Illinois College,Jacksonville,IL,USA
ildixon,Dixon College,Dixon,IL,USA
ildupag,College of DuPage,Glen Ellyn,IL,USA
ilelmhu,Elmhurst College,Elmhurst,IL,USA
ilharpe,William Rainey Harper College,Palatine,IL,USA
ilkanka,Kankakee Community College,Kankakee,IL,USA
ilkaska,Kaskaskia College,Arcola,IL,USA
ilkenne,Kennedy-King College,Chicago,IL,USA
ilkishw,Kishwaukee College,Malta,IL,USA
illakel,Lake Land College,Mattoon,IL,USA
illchicago,University of Illinois at Chicago,Chicago,IL,USA
illewis,Lewis & Clark Community College,Godfrey,IL,USA
illinco,Lincoln College,Lincoln,IL,USA
illinois,University of Illinois at Urbana-Champaign,Champaign,IL,USA
illinoisst,Illinois State University,Normal,IL,USA
illogan,John A Logan College,Carterville,IL,USA
illomba,Lombard College,Galesburg,IL,USA
illtjco,Lincoln Trail College,Robinson,IL,USA
ilmcken,McKendree University,Lebanon,IL,USA
ilmorai,Moraine Valley Community College,Palos Hills,IL,USA
ilmount,Mount Morris College,Mount Morris,IL,USA
ilolney,Olney Central College,Olney,IL,USA
ilparkl,Parkland College,Champaign,IL,USA
ilseijc,Southeastern Illinois College,Harrisburg,IL,USA
ilshurt,Shurtleff College,Alton,IL,USA
ilssjco,South Suburban College,South Holland,IL,USA
ilstvia,St. Viator College,Bourbonnais,IL,USA
ilsvcco,Sauk Valley Community College,Dixon,IL,USA
ilswijc,Southwestern Illinois College,Belleville,IL,USA
iltrito,Triton College,River Grove,IL,USA
iltruma,Harry S Truman College,Chicago,IL,USA
ilwabas,Wabash Valley College,Mount Carmel,IL,USA
ilwesleyan,Illinois Wesleyan University,Bloomington,IL,USA
ilwrigh,Wilbur Wright College,Chicago,IL,USA
inander,Anderson University,Anderson,IN,USA
inbethel,Bethel College,Mishawaka,IN,USA
incante,Canterbury College,Danville,IN,USA
inconco,Concordia Theological Seminary,Fort Wayne,IN,USA
indiana,Indiana University-Bloomington,Bloomington,IN,USA
indianapa,Indiana University of Pennsylvania,Indiana,PA,USA
indianast,Indiana State University,Terre Haute,IN,USA
indpolis,University of Indianapolis,Indianapolis,IN,USA
inhanov,Hanover College,Hanover,IN,USA
inindwe,Indiana Wesleyan University,Marion,IN,USA
inintec,Indiana Institute of Technology,Fort Wayne,IN,USA
invince,Vincennes University,Vincennes,IN,USA
iona,Iona College,New Rochelle,NY,USA
iowa,University of Iowa,Iowa City,IA,USA
iowast,Iowa State University,Ames,IA,USA
ithacany,Ithaca College,Ithaca,NY,USA
jacksonst,Jackson State University,Jackson,MS,USA
jacksonvil,Jacksonville University,Jacksonville,FL,USA
jamesmad,James Madison University,Harrisonburg,VA,USA
jksonvilst,Jacksonville State University,Jacksonville,AL,USA
johnbrwnar,John Brown University,Siloam Springs,AR,USA
johnshpkns,Johns Hopkins University,Baltimore,MD,USA
juniatapa,Juniata College,Huntingdon,PA,USA
kalamazoo,Kalamazoo College,Kalamazoo,MI,USA
kansas,University of Kansas,Lawrence,KS,USA
kansasst,Kansas State University,Manhattan,KS,USA
keenest,Keene State College,Keene,NH,USA
kennesawst,Kennesaw State University,Kennesaw,GA,USA
kentst,Kent State University,Kent,OH,USA
kentucky,University of Kentucky,Lexington,KY,USA
kentuckyst,Kentucky State University,Frankfort,KY,USA
kenyonoh,Kenyon College,Gambier,OH,USA
knoxil,Knox College,Galesburg,IL,USA
ksbarto,Barton County Community College,Great Bend,KS,USA
ksbutle,Butler County Community College,El Dorado,KS,USA
kscloud,Cloud County Community College,Concordia,KS,USA
kscowle,Cowley County Community College,Arkansas City,KS,USA
ksftsco,Fort Scott Community College,Fort Scott,KS,USA
ksgarde,Garden City Community College,Garden City,KS,USA
kshutch,Hutchinson Community College,Hutchinson,KS,USA
ksindep,Independence Community College,Independence,KS,USA
ksjohns,Johnson County Community College,Overland Park,KS,USA
kskccco,Kansas City Kansas Community College,Kansas City,KS,USA
kslabet,Labette Community College,Parsons,KS,USA
ksneosh,Neosho County Community College,Chanute,KS,USA
kspratt,Pratt Community College,Pratt,KS,USA
ksstmaC,St. Mary's College,St. Mary's,KS,USA
kutztown,Kutztown University of Pennsylvania,Kutztown,PA,USA
kybella,Bellarmine College,Louisville,KY,USA
kysomer,Somerset Community College,Somerset,KY,USA
kystcat,St. Catherine College,St. Catherine,KY,USA
kywesleyan,Kentucky Wesleyan College,Owensboro,KY,USA
kywkycc,West Kentucky Community and Technical College,Paducah,KY,USA
labossi,Bossier Parish Community College,Bossier City,LA,USA
lacollege,Louisiana College,Pineville,LA,USA
ladelga,Delgado Community College,New Orleans,LA,USA
lafayette,Lafayette College,Easton,PA,USA
lakeforest,Lake Forest College,Lake Forest,IL,USA
lamar,Lamar University,Beaumont,TX,USA
lambuthtn,Lambuth University,Jackson,TN,USA
lanecol,Lane College,Jackson,TN,USA
lasalle,LaSalle University,Philadelphia,PA,USA
latech,Louisiana Tech University,Ruston,LA,USA
laverneca,University of La Verne,La Verne,CA,USA
lebvalley,Lebanon Valley College,Annville,PA,USA
lee,Lee University,Cleveland,TN,USA
lehigh,Lehigh University,Bethlehem,PA,USA
lemoyne,LeMoyne College,Syracuse,NY,USA
lemoynowen,LeMoyne-Owen College,Memphis,TN,USA
lenoirrhyn,Lenoir-Rhyne College,Hickory,NC,USA
lewclarkor,Lewis and Clark College,Portland,OR,USA
lewclarkst,Lewis-Clark State College,Lewiston,ID,USA
lewisil,Lewis University,Romeoville,IL,USA
liberty,Liberty University,Lynchburg,VA,USA
lincolnlandcc,Lincoln Land Community College,Springfield,IL,USA
lincolnmem,Lincoln Memorial University,Harrogate,TN,USA
lincolnmo,Lincoln University,Jefferson City,MO,USA
linfieldor,Linfield College,McMinnville,OR,USA
lipscomb,Lipscomb University,Nashville,TN,USA
lockhaven,Lock Haven University of Pennsylvania,Lock Haven,PA,USA
longbeach,California State University Long Beach,Long Beach,CA,USA
longisland,"Long Island University, Brooklyn Campus",Brooklyn,NY,USA
longwoodva,Longwood University,Farmville,VA,USA
lorasia,Loras College,Dubuque,IA,USA
louisville,University of Louisville,Louisville,KY,USA
loyolachi,Loyola University Chicago,Chicago,IL,USA
loyolamary,Loyola Marymount University,Los Angeles,CA,USA
loyolamd,Loyola College in Maryland,Baltimore,MD,USA
loyolano,Loyola University New Orleans,New Orleans,LA,USA
lsu,Louisiana State University,Baton Rouge,LA,USA
lubbchrist,Lubbock Christian University,Lubbock,TX,USA
lutheria,Luther College,Decorah,IA,USA
lycomingpa,Lycoming College,Williamsport,PA,USA
lynchbrgva,Lynchburg College,Lynchburg,VA,USA
maassum,Assumption College,Worcester,MA,USA
macmurryil,MacMurray College,Jacksonville,IL,USA
macollege,Massachusetts College of Liberal Arts,North Adams,MA,USA
madeajc,Dean College,Franklin,MA,USA
maemers,Emerson College,Boston,MA,USA
maine,University of Maine at Orono,Orono,ME,USA
malowete,Lowell Technological Institute,Lowell,MA,USA
mamassa,Massasoit Community College,Brockton,MA,USA
mamerri,Merrimack College,North Andover,MA,USA
mamiddl,Middlesex Community College,Bedford,MA,USA
manchester,Manchester College,North Manchester,IN,USA
manecco,Northern Essex Community College,Haverhill,MA,USA
manhattan,Manhattan College,New York,NY,USA
mankatost,"Minnesota State University, Mankato",Mankato,MN,USA
manscco,North Shore Community College,Danvers,MA,USA
mansfield,Mansfield University of Pennsylvania,Mansfield,PA,USA
maquins,Quinsigamond Community College,Worcester,MA,USA
mariettaoh,Marietta College,Marietta,OH,USA
marquette,Marquette University,Milwaukee,WI,USA
marshall,Marshall University,Huntington,WV,USA
maryhrdbay,University of Mary Hardin-Baylor,Belton,TX,USA
maryland,University of Maryland,College Park,MD,USA
masslowell,University of Massachusetts Lowell,Lowell,MA,USA
mastersca,The Master's College,Santa Clarita,CA,USA
mcdaniel,McDaniel College,Westminster,MD,USA
mcmgccc,Mississippi Gulf Coast Community College,Perkinston,MS,USA
mcneese,McNeese State University,Lake Charles,LA,USA
mdaacco,Anne Arundel Community College,Arnold,MD,USA
mdbalcc,Baltimore City Community College,Baltimore,MD,USA
mdbalti,University of Baltimore,Baltimore,MD,USA
mdccbcc,"Community College of Baltimore County, Catonsville Campus",Catonsville,MD,USA
mdccbce,"Community College of Baltimore County, Essex Campus",Essex,MD,USA
mdcecil,Cecil Community College,North East,MD,USA
mdcolsm,College of Southern Maryland,La Plata,MD,USA
mdfrost,Frostburg State University,Frostburg,MD,USA
mdgarre,Garrett Community College,McHenry,MD,USA
mdhager,Hagerstown Community College,Hagerstown,MD,USA
mdmdbal,University of Maryland Baltimore,Baltimore,MD,USA
mdmontg,"Montgomery College, Rockville Campus",Rockville,MD,USA
mdrockh,Rock Hill College,Ellicott City,MD,USA
mdstjoh,St. John's College,Annapolis,MD,USA
memphis,University of Memphis,Memphis,TN,USA
meramec,"St. Louis Community College, Meramec Campus",Kirkwood,MO,USA
mercer,Mercer University,Macon,GA,USA
mercyhurst,Mercyhurst College,Erie,PA,USA
mericke,Ricker College,Houlton,ME,USA
mesast,Mesa State College,Grand Junction,CO,USA
messiah,Messiah College,Grantham,PA,USA
mestjos,St. Joseph's College,Standish,ME,USA
mewestb,Westbrook College,Portland,ME,USA
miamidade,Miami-Dade College,Miami,FL,USA
miamifl,University of Miami,Coral Gables,FL,USA
miamioh,Miami University of Ohio,Oxford,OH,USA
michigan,University of Michigan,Ann Arbor,MI,USA
michiganst,Michigan State University,East Lansing,MI,USA
middlbryvt,Middlebury College,Middlebury,VT,USA
midetrte,Detroit Institute of Technology,Detroit,MI,USA
midlndluth,Midland Lutheran College,Fremont,NE,USA
migocco,Glen Oaks Community College,Centreville,MI,USA
migrand,Grand Rapids Community College,Grand Rapids,MI,USA
mihenry,Henry Ford Community College,Dearborn,MI,USA
mikalam,Kalamazoo Valley Community College,Kalamazoo,MI,USA
millersvil,Millersville University of Pennsylvania,Millersville,PA,USA
milligantn,Milligan College,Milligan College,TN,USA
millikin,Millikin University,Decatur,IL,USA
millsapsms,Millsaps College,Jackson,MS,USA
milmich,Lake Michigan College,Benton Harbor,MI,USA
mimacom,Macomb Community College,Warren,MI,USA
mimuske,Muskegon Community College,Muskegon,MI,USA
minnesota,University of Minnesota,Minneapolis,MN,USA
minorth,Northern Michigan University,Marquette,MI,USA
mioakla,Oakland Community College,Farmington Hills,MI,USA
missouri,University of Missouri Columbia,Columbia,MO,USA
missst,Mississippi State University,Mississippi State,MS,USA
mistcla,St. Clair County Community College,Port Huron,MI,USA
mit,Massachusetts Institute of Technology,Cambridge,MA,USA
mnbemid,Bemidji State University,Bemidji,MN,USA
mnmesabi,Mesabi Range Community and Technical College,Virginia,MN,USA
mnmoorh,"Minnesota State University, Moorhead",Moorhead,MN,USA
mnmorris,"University of Minnesota, Morris",Morris,MN,USA
mnnorma,Normandale Community College,Bloomington,MN,USA
mnparke,Parker College,Winnebago,MN,USA
mntclairst,Montclair State University,Montclair,NJ,USA
mobileal,University of Mobile,Mobile,AL,USA
moconco,Concordia Seminary-St. Louis,St. Louis,MO,USA
mocrowd,Crowder College,Neosho,MO,USA
moculve,Culver-Stockton College,Canton,MO,USA
modrury,Drury University,Springfield,MO,USA
moeastc,East Central College,Union,MO,USA
mofores,"St. Louis Community College, Forest Park Campus",St. Louis,MO,USA
moharri,Harris-Stowe State College,St. Louis,MO,USA
mojcjco,Jefferson City Junior College,Jefferson City,MO,USA
mojeffe,Jefferson College,Hillsboro,MO,USA
molongv,Longview Community College,Kansas City,MO,USA
momaple,Maple Woods Community College,Kansas City,MO,USA
mominer,Mineral Area College,Park Hills,MO,USA
monmouth,Monmouth University,West Long Branch,NJ,USA
monroecc,Monroe Community College,Rochester,NY,USA
montevallo,University of Montevallo,Montevallo,AL,USA
montreatnc,Montreat College,Montreat,NC,USA
morehead,Morehead State University,Morehead,KY,USA
morehouse,Morehouse College,Atlanta,GA,USA
morganst,Morgan State University,Baltimore,MD,USA
morolla,Missouri University of Science and Technology,Rolla,MO,USA
mosouthern,Missouri Southern State University,Joplin,MO,USA
motarki,Tarkio College,Tarkio,MO,USA
mothree,Three Rivers Community College,Poplar Bluff,MO,USA
movalley,Missouri Valley College,Marshall,MO,USA
mowestern,Missouri Western State University,St. Joseph,MO,USA
mrningside,Morningside College,Sioux City,IA,USA
mryvilletn,Maryville College,Maryville,TN,USA
mscollege,Mississippi College,Clinton,MS,USA
mscopia,Copiah-Lincoln Community College,Wesson,MS,USA
mseccco,East Central Community College,Decatur,MS,USA
msgcmac,Gulf Coast Military Academy,Gulfport,MS,USA
mshinds,Hinds Community College,Raymond,MS,USA
msholme,Holmes Community College,Ridgeland,MS,USA
msitawa,Itawamba Community College,Fulton,MS,USA
msmdcco,Mississippi Delta Community College,Moorhead,MS,USA
msmerid,Meridian Community College,Meridian,MS,USA
msnwmcc,Northwest Mississippi Community College,Senatobia,MS,USA
mspearl,Pearl River Community College,Poplarville,MS,USA
msswmcc,Southwest Mississippi Community College,Summit,MS,USA
mstupel,Tupelo Military Institute,Tupelo,MS,USA
mtennst,Middle Tennessee State University,Murfreesboro,TN,USA
mtolive,Mount Olive College,Mount Olive,NC,USA
mtstmarys,Mount St. Mary's University,Emmitsburg,MD,USA
mtunionoh,Mount Union College,Alliance,OH,USA
mtvernnaz,Mount Vernon Nazarene University,Mount Vernon,OH,USA
muhlenberg,Muhlenberg College,Allentown,PA,USA
murrayst,Murray State University,Murray,KY,USA
muskingum,Muskingum College,New Concord,OH,USA
nalabama,University of North Alabama,Florence,AL,USA
narizona,Northern Arizona University,Flagstaff,AZ,USA
navy,United States Naval Academy,Annapolis,MD,USA
ncat,North Carolina A&T State University,Greensboro,NC,USA
ncbreva,Brevard College,Brevard,NC,USA
ncchowa,Chowan College,Murfreesboro,NC,USA
ncentralil,North Central College,Naperville,IL,USA
nclouis,Louisburg College,Louisburg,NC,USA
ncmarsh,Mars Hill College,Mars Hill,NC,USA
ncolorado,University of Northern Colorado,Greeley,CO,USA
ncpitcc,Pitt Community College,Winterville,NC,USA
ncruthe,Rutherford College,Rutherford College,NC,USA
ncstand,St. Andrews Presbyterian College,Laurinburg,NC,USA
ncstate,North Carolina State University,Raleigh,NC,USA
ncuncpe,University of North Carolina at Pembroke,Pembroke,NC,USA
ncweave,Weaver College,Weaverville,NC,USA
ndstate,North Dakota State University,Fargo,ND,USA
ndunind,University of North Dakota,Grand Forks,ND,USA
neastern,Northeastern University,Boston,MA,USA
nebellevue,Bellevue University,Bellevue,NE,USA
nebkearney,University of Nebraska at Kearney,Kearney,NE,USA
nebomaha,University of Nebraska at Omaha,Omaha,NE,USA
nebraska,University of Nebraska at Lincoln,Lincoln,NE,USA
nedoane,Doane College,Crete,NE,USA
nehasti,Hastings College,Hastings,NE,USA
neillinois,Northeastern Illinois University,Chicago,IL,USA
nepersh,John J Pershing College,Beatrice,NE,USA
nevada,University of Nevada-Reno,Reno,NV,USA
newberry,Newberry College,Newberry,SC,USA
newesleyan,Nebraska Wesleyan University,Lincoln,NE,USA
neweste,Western Nebraska Community College,Scottsbluff,NE,USA
newhamp,University of New Hampshire,Durham,NH,USA
newhaven,University of New Haven,West Haven,CT,USA
newyorku,New York University,New York,NY,USA
nflorida,University of North Florida,Jacksonville,FL,USA
niagara,Niagara University,Lewiston,NY,USA
nicholls,Nicholls State University,Thibodaux,LA,USA
nillinois,Northern Illinois University,DeKalb,IL,USA
niowa,University of Northern Iowa,Cedar Falls,IA,USA
njberge,Bergen Community College,Paramus,NJ,USA
njborde,Bordentown Military Institute,Bordentown,NJ,USA
njbrook,Brookdale Community College,Lincroft,NJ,USA
njburli,Burlington County College,Pemberton,NJ,USA
njcamde,Camden County College,Blackwood,NJ,USA
njccmor,County College of Morris,Randolph,NJ,USA
njcente,Centenary College,Hackettstown,NJ,USA
njcity,New Jersey City University,Jersey City,NJ,USA
njglouc,Gloucester County College,Sewell,NJ,USA
njmerce,Mercer County Community College,West Windsor,NJ,USA
njmiddl,Middlesex County Community College,Edison,NJ,USA
njricha,Richard Stockton College of New Jersey,Pomona,NJ,USA
njupsal,Upsala College,East Orange,NJ,USA
nkentucky,Northern Kentucky University,Highland Heights,KY,USA
nmeaste,Eastern New Mexico University,Portales,NM,USA
nmexico,University of New Mexico,Albuquerque,NM,USA
nmhighland,New Mexico Highlands University,Las Vegas,NM,USA
nmmilin,New Mexico Military Institute,Roswell,NM,USA
nmnmjco,New Mexico Junior College,Hobbs,NM,USA
nmsouth,College of the Southwest,Hobbs,NM,USA
nmstate,New Mexico State University,Las Cruces,NM,USA
norfolkst,Norfolk State University,Norfolk,VA,USA
norleans,University of New Orleans,New Orleans,LA,USA
northwood,Northwood University,Midland,MI,USA
norwichvt,Norwich University,Northfield,VT,USA
notredame,University of Notre Dame,South Bend,IN,USA
ntexas,University of North Texas,Denton,TX,USA
nvsouth,College of Southern Nevada,Henderson,NV,USA
nwestern,Northwestern University,Evanston,IL,USA
nwmost,Northwest Missouri State University,Maryville,MO,USA
nwokstate,Northwestern Oklahoma State University,Alva,OK,USA
nwstate,Northwestern State University of Louisiana,Natchitoches,LA,USA
nybrock,State University of New York at Brockport,Brockport,NY,USA
nycortland,State University of New York at Cortland,Cortland,NY,USA
nydutch,Dutchess Community College,Poughkeepsie,NY,USA
nyeriec,Erie Community College,Buffalo,NY,USA
nyfredonia,State University of New York at Fredonia,Fredonia,NY,USA
nykbcco,Kingsborough Community College,Brooklyn,NY,USA
nylehma,Lehman College,Bronx,NY,USA
nymarit,Maritime College,Throggs Neck,NY,USA
nymercy,Mercy College,Dobbs Ferry,NY,USA
nymohaw,Mohawk Valley Community College,Utica,NY,USA
nynassa,Nassau Community College,Garden City,NY,USA
nyoneonta,State University of New York at Oneonta,Oneonta,NY,USA
nyonond,Onondaga Community College,Syracuse,NY,USA
nyrockl,Rockland Community College,Suffern,NY,USA
nysuffo,Suffolk County Community College,Brentwood,NY,USA
nytech,New York Institute of Technology,Old Westbury,NY,USA
nyuroch,University of Rochester,Rochester,NY,USA
oakland,Oakland University,Rochester,MI,USA
oberlinoh,Oberlin College,Oberlin,OH,USA
occidental,Occidental College,Los Angeles,CA,USA
oglethrpga,Oglethorpe University,Atlanta,GA,USA
ohcapit,Capital University,Bexley,OH,USA
ohcaset,Case Institute of Applied Sciences,Cleveland,OH,USA
ohcuyah,Cuyahoga Community College,Cleveland,OH,USA
ohdominican,Ohio Dominican University,Columbus,OH,USA
ohgiffi,Giffin Junior College,Van Wert,OH,USA
ohio,Ohio University,Athens,OH,USA
ohiost,The Ohio State University,Columbus,OH,USA
ohjohnc,John Carroll University,University Heights,OH,USA
ohlakel,Lakeland Community College,Kirtland,OH,USA
ohlerie,Lake Erie College,Painesville,OH,USA
ohnorth,Ohio Northern University,Ada,OH,USA
ohsincl,Sinclair Community College,Dayton,OH,USA
ohvalley,Ohio Valley College,Vienna,WV,USA
ohwesleyan,Ohio Wesleyan University,Delaware,OH,USA
okbapti,Oklahoma Baptist University,Shawnee,OK,USA
okcity,Oklahoma City University,Oklahoma City,OK,USA
okconno,Connors State College,Warner,OK,USA
okeaste,East Oklahoma State College,Wilburton,OK,USA
oklahoma,University of Oklahoma,Norman,OK,USA
okmurra,Murray State College,Tishomingo,OK,USA
okneoam,Northeast Oklahoma A&M College,Miami,OK,USA
oknestu,Northeastern State University,Tahlequah,OK,USA
okocsw,Oklahoma City Southwestern College,Oklahoma City,OK,USA
okroger,Rogers State University,Claremore,OK,USA
oksemin,Seminole State College,Seminole,OK,USA
okstate,Oklahoma State University,Stillwater,OK,USA
okwesle,Oklahoma Wesleyan University,Bartlesville,OK,USA
okweste,Western Oklahoma State College,Altus,OK,USA
olddom,Old Dominion University,Norfolk,VA,USA
olemiss,University of Mississippi,Oxford,MS,USA
olivetmi,Olivet College,Olivet,MI,USA
olivetnaz,Olivet Nazarene University,Bourbonnais,IL,USA
oralrob,Oral Roberts University,Tulsa,OK,USA
orbluem,Blue Mountain Community College,Pendleton,OR,USA
orcheme,Chemeketa Community College,Salem,OR,USA
orcorba,Corban College,Salem,OR,USA
oregon,University of Oregon,Eugene,OR,USA
oregonst,Oregon State University,Corvallis,OR,USA
orlinnb,Linn-Benton Community College,Albany,OR,USA
ormount,Mount Hood Community College,Gresham,OR,USA
ortreas,Treasure Valley Community College,Ontario,OR,USA
orweste,Western Oregon University,Monmouth,OR,USA
otterbein,Otterbein College,Westerville,OH,USA
ouachitab,Ouachita Baptist University,Arkadelphia,AR,USA
oxnard,Oxnard College,Oxnard,CA,USA
ozarks,University of the Ozarks,Clarksville,AR,USA
paalleb,"Community College of Allegheny County, Boyce Campus",Monroeville,PA,USA
paalles,"Community College of Allegheny County, South Campus",West Mifflin,PA,USA
pabeave,Community College of Beaver County,Monaca,PA,USA
pabucks,Bucks County Community College,Lewisburg,PA,USA
pabutle,Butler County Community College,Butler,PA,USA
pacarli,Carlisle Indian Industrial School,Carlisle,PA,USA
paccphi,Community College of Philadelphia,Philadelphia,PA,USA
pacheyn,Cheyney University,Cheyney,PA,USA
pacific,University of the Pacific,Stockton,CA,USA
pacificor,Pacific University,Forest Grove,OR,USA
padelaw,Delaware County Community College,Marple,PA,USA
padesal,DeSales University,Center Valley,PA,USA
pahahne,Hahnemann University,Philadelphia,PA,USA
pahaver,Haverford College in Pennsylvania,Haverford,PA,USA
palaroc,LaRoche College,Pittsburgh,PA,USA
palinco,Lincoln University,Lincoln University,PA,USA
paschuy,Schuylkill College,Reading,PA,USA
pavolan,Volant College,Volant,PA,USA
pbsc,Palm Beach Community College,Lake Worth,FL,USA
pennst,Pennsylvania State University,State College,PA,USA
pepperdine,Pepperdine University,Malibu,CA,USA
pfeiffer,Pfeiffer University,Misenheimer,NC,USA
philly,Philadelphia University,Philadelphia,PA,USA
philsmith,Philander Smith College,Little Rock,AR,USA
piedmontga,Piedmont College,Demorest,GA,USA
pittsbst,Pittsburg State University,Pittsburg,KS,USA
pittsburgh,University of Pittsburgh,Pittsburgh,PA,USA
plymouth,Plymouth State College,Plymouth,NH,USA
pompitzer,Pomona College/Pitzer College,Claremont,CA,USA
portland,University of Portland,Portland,OR,USA
portlandst,Portland State University,Portland,OR,USA
prairview,Prairie View A&M University,Prairie View,TX,USA
presbytrn,Presbyterian College,Clinton,SC,USA
princeton,Princeton University,Princeton,NJ,USA
providence,Providence College,Providence,RI,USA
psubehrend,"Penn State Erie, the Behrend College of Pennsylvania State University",Erie,PA,USA
ptlomanaz,Point Loma Nazarene University,San Diego,CA,USA
ptparkpa,Point Park University,Pittsburgh,PA,USA
pugetsound,University of Puget Sound,Tacoma,WA,USA
purdue,Purdue University,West Lafayette,IN,USA
quincy,Quincy University,Quincy,IL,USA
quinnipiac,Quinnipiac College,Hamden,CT,USA
radford,Radford University,Radford,VA,USA
ramaponj,Ramapo College,Mahwah,NJ,USA
randmacon,Randolph-Macon College,Ashland,VA,USA
rhodeisle,University of Rhode Island,Kingston,RI,USA
rhodestn,Rhodes College,Memphis,TN,USA
ric,Rhode Island College,Providence,RI,USA
rice,Rice University,Houston,TX,USA
richmond,University of Richmond,Richmond,VA,USA
rider,Rider University,Lawrenceville,NJ,USA
riogrande,University of Rio Grande,Rio Grande,OH,USA
riponwi,Ripon College,Ripon,WI,USA
riroger,Roger Williams University,Bristol,RI,USA
roanokeva,Roanoke College,Salem,VA,USA
robertmor,Robert Morris University,Moon Township,PA,USA
rockhurst,Rockhurst University,Kansas City,MO,USA
rollins,Rollins College,Winter Park,FL,USA
rosehulman,Rose-Hulman Institute of Technology,Terre Haute,IN,USA
rowannj,Rowan University,Glassboro,NJ,USA
rutgers,"Rutgers, the State University of New Jersey",New Brunswick,NJ,USA
sacstate,California State University Sacramento,Sacramento,CA,USA
saginawval,Saginaw Valley State University,Saginaw,MI,USA
salabama,University of South Alabama,Mobile,AL,USA
salemintl,Salem International University,Salem,WV,USA
samford,Samford University,Birmingham,AL,USA
samhouston,Sam Houston State University,Huntsville,TX,USA
sandiego,University of San Diego,San Diego,CA,USA
sandiegost,San Diego State University,San Diego,CA,USA
sanfran,University of San Francisco,San Francisco,CA,USA
sanfranst,San Francisco State University,San Francisco,CA,USA
sanjosest,San Jose State University,San Jose,CA,USA
santaclara,Santa Clara University,Santa Clara,CA,USA
sarkansas,Southern Arkansas University,Magnolia,AR,USA
savcolad,Savannah College of Arts and Design,Savannah,GA,USA
scarolina,University of South Carolina,Columbia,SC,USA
scfranc,Francis Marion University,Florence,SC,USA
schreiner,Schreiner University,Kerrville,TX,USA
sclimes,Limestone College,Gaffney,SC,USA
scranton,University of Scranton,Scranton,PA,USA
scspart,Spartanburg Methodist College,Spartanburg,SC,USA
scstate,South Carolina State University,Orangeburg,SC,USA
scupsta,University of South Carolina Upstate,Spartanburg,SC,USA
sdakotast,South Dakota State University,Brookings,SD,USA
sdcity,San Diego City College,San Diego,CA,USA
seattle,Seattle University,Seattle,WA,USA
sefl,Southeastern University,Lakeland,FL,USA
sela,Southeastern Louisiana University,Hammond,LA,USA
seminolecc,Seminole Community College,Sanford,FL,USA
semost,Southeast Missouri State University,Cape Girardeau,MO,USA
seoklahoma,Southeastern Oklahoma State University,Durant,OK,USA
setonhall,Seton Hall University,South Orange,NJ,USA
sfaustin,Stephen F Austin State University,Nacogdoches,TX,USA
sfcc,South Florida Community College,Avon Park,FL,USA
sflorida,University of South Florida,Tampa,FL,USA
shaw,Shaw University,Raleigh,NC,USA
shenandoah,Shenandoah University,Winchester,VA,USA
shepherdwv,Shepherd College,Shepherdstown,WV,USA
shipnsburg,Shippensburg University of Pennsylvania,Shippensburg,PA,USA
shorterga,Shorter College,Rome,GA,USA
siena,Siena College,Loudonville,NY,USA
silledward,Southern Illinois University Edwardsville,Edwardsville,IL,USA
sillinois,Southern Illinois University Carbondale,Carbondale,IL,USA
sindiana,University of Southern Indiana,Evansville,IN,USA
sliprock,Slippery Rock University of Pennsylvania,Slippery Rock,PA,USA
smaine,University of Southern Maine,Gorham,ME,USA
smethodist,Southern Methodist University,Dallas,TX,USA
smiss,University of Southern Mississippi,Hattiesburg,MS,USA
sonomast,Sonoma State University,Rohnert Park,CA,USA
southernu,Southern University and A&M College,Baton Rouge,LA,USA
springhill,Spring Hill College,Mobile,AL,USA
sprngfldma,Springfield College,Springfield,MA,USA
stambrseia,St. Ambrose University,Davenport,IA,USA
stanford,Stanford University,Palo Alto,CA,USA
stanselm,St. Anselm College,Manchester,NH,USA
staugustne,St. Augustine's College,Raleigh,NC,USA
stbonny,St. Bonaventure University,St. Bonaventure,NY,USA
stcloudst,St.Cloud State University,St. Cloud,MN,USA
stedwardtx,St. Edward's University,Austin,TX,USA
sterlingks,Sterling University,Sterling,KS,USA
stetson,Stetson University,DeLand,FL,USA
stfranny,St. Francis University,Brooklyn,NY,USA
stfranpa,St. Francis University,Loretto,PA,USA
stfrncisil,University of St. Francis,Joliet,IL,USA
stjohns,St. John's University,Queens,NY,USA
stjosephin,St. Joseph's College,Rensselaer,IN,USA
stjosephs,St. Joseph's University,Philadelphia,PA,USA
stlawrence,St. Lawrence University,Canton,NY,USA
stleo,St. Leo College,St. Leo,FL,USA
stlouis,St. Louis University,St. Louis,MO,USA
stmartinwa,St. Martin's College,Lacey,WA,USA
stmarysca,St. Mary's College of California,Moraga,CA,USA
stmarysmn,St. Mary's University of Minnesota,Winona,MN,USA
stmarytx,St. Mary's University,San Antonio,TX,USA
stmichaels,St. Michael's College,Colchester,VT,USA
stonybrook,Stony Brook University,Stony Brook,NY,USA
stpeters,St. Peter's College,Jersey City,NJ,USA
strose,College of St. Rose,Albany,NY,USA
stthomasfl,St. Thomas University,Miami Gardens,FL,USA
stthomasmn,University of St. Thomas,St. Paul,MN,USA
stxavieril,St. Xavier University,Orland Park,IL,USA
sulrossst,Sul Ross State University,Alpine,TX,USA
sunybing,State University of New York at Binghamton,Binghamton,NY,USA
sunybuff,"University at Buffalo, State University of New York",Buffalo,NY,USA
susquehnna,Susquehanna University,Selinsgrove,PA,USA
sutah,Southern Utah University,Cedar City,UT,USA
swarthmore,Swarthmore College,Swarthmore,PA,USA
swesternks,Southwestern College,Winfield,KS,USA
swesterntx,Southwestern University,Georgetown,TX,USA
swmost,Missouri State University,Springfield,MO,USA
swoklahoma,Southwestern Oklahoma State University,Weatherford,OK,USA
swtexas,Texas State University,San Marcos,TX,USA
syracuse,Syracuse University,Syracuse,NY,USA
tampa,University of Tampa,Tampa,FL,USA
tamucomm,Texas A&M University-Commerce,Commerce,TX,USA
tamukvill,Texas A&M University-Kingsville,Kingsville,TX,USA
tarletonst,Tarleton State University,Stephenville,TX,USA
temple,Temple University,Philadelphia,PA,USA
tennessee,University of Tennessee,Knoxville,TN,USA
tennst,Tennessee State University,Nashville,TN,USA
texas,University of Texas at Austin,Austin,TX,USA
texasam,Texas A&M University,College Station,TX,USA
thielpa,Thiel College,Greenville,PA,USA
thomasmore,Thomas More College,Crestview Hills,KY,USA
tnchatt,Chattanooga State Technical Community College,Chattanooga,TN,USA
tnchris,Christian Brothers University,Memphis,TN,USA
tncleve,Cleveland State Community College,Cleveland,TN,USA
tncolum,Columbia State Community College,Columbia,TN,USA
tnhiwas,Hiwassee College,Madisonville,TN,USA
tnjacks,Jackson State Community College,Jackson,TN,USA
tnkingc,King College,Bristol,TN,USA
tnmotlo,Motlow State Community College,Lynchburg,TN,USA
tnswten,Southwest Tennessee Community College,Memphis,TN,USA
tntech,Tennessee Technological University,Cookeville,TN,USA
tntenme,University of Tennessee Health Science Center,Memphis,TN,USA
tnvolun,Volunteer State Community College,Gallatin,TN,USA
tnwesleyan,Tennessee Wesleyan College,Athens,TN,USA
toledo,University of Toledo,Toledo,OH,USA
towson,Towson University,Towson,MD,USA
trinityct,Trinity College,Hartford,CT,USA
trinitytx,Trinity University,San Antonio,TX,USA
trnsylvnia,Transylvania University,Lexington,KY,USA
troyst,Troy University,Troy,AL,USA
trumanst,Truman State University,Kirksville,MO,USA
tuftsma,Tufts University,Medford,MA,USA
tulane,Tulane University,New Orleans,LA,USA
tulsa,University of Tulsa,Tulsa,OK,USA
tusculum,Tusculum College,Greenville,TN,USA
tuskegee,Tuskegee University,Tuskegee,AL,USA
txalvin,Alvin Community College,Alvin,TX,USA
txangel,Angelo State University,San Angelo,TX,USA
txangjc,Angelina College,Lufkin,TX,USA
txausti,Austin Community College,Austin,TX,USA
txblinn,Blinn College,Brenham,TX,USA
txburne,Burnetta College,Venus,TX,USA
txchrist,Texas Christian University,Fort Worth,TX,USA
txclare,Clarendon College,Clarendon,TX,USA
txcoast,Coastal Bend College,Beeville,TX,USA
txcolli,Collin College,Dallas,TX,USA
txeastf,Eastfield College,Mesquite,TX,USA
txelpas,El Paso Community College,El Paso,TX,USA
txfrank,Frank Phillips College,Borger,TX,USA
txgalve,Galveston College,Galveston,TX,USA
txgrays,Grayson County College,Denison,TX,USA
txhillj,Hill College,Hillsboro,TX,USA
txhowar,Howard College,Big Spring,TX,USA
txkilgo,Kilgore College,Kilgore,TX,USA
txleejc,Lee College,Baytown,TX,USA
txlonmo,Lon Morris College,Jacksonville,TX,USA
txmclen,McLennan Community College,Waco,TX,USA
txmcmur,McMurry University,Abilene,TX,USA
txmerid,Meridian Junior College,Meridian,TX,USA
txmidla,Midland College,Midland,TX,USA
txnavar,Navarro College,Corsicana,TX,USA
txnctjc,North Central Texas College,Gainesville,TX,USA
txnetex,Northeast Texas Community College,Mount Pleasant,TX,USA
txodess,Odessa College,Odessa,TX,USA
txpanol,Panola College,Carthage,TX,USA
txparis,Paris Junior College,Paris,TX,USA
txpaulq,Paul Quinn College,Dallas,TX,USA
txsajco,San Antonio College,San Antonio,TX,USA
txsjjcn,"San Jacinto College, North Campus",Houston,TX,USA
txsjjco,San Jacinto College,Pasadena,TX,USA
txswtex,Southwest Texas Junior College,Uvalde,TX,USA
txtech,Texas Tech University,Lubbock,TX,USA
txtempl,Temple College,Temple,TX,USA
txtexar,Texarkana College,Texarkana,TX,USA
txtyler,Tyler Junior College,Tyler,TX,USA
txverno,Vernon College,Vernon,TX,USA
txweath,Weatherford College,Weatherford,TX,USA
txwesle,Wesley College,Greenville,TX,USA
txwesleyan,Texas Wesleyan University,Fort Worth,TX,USA
txwestt,West Texas A&M University,Canyon,TX,USA
txwhart,Wharton County Junior College,Wharton,TX,USA
uab,University of Alabama at Birmingham,Birmingham,AL,USA
ucdavis,"University of California, Davis",Davis,CA,USA
ucirvine,"University of California, Irvine",Irvine,CA,USA
ucla,"University of California, Los Angeles",Los Angeles,CA,USA
uconn,University of Connecticut,Storrs,CT,USA
ucriver,"University of California, Riverside",Riverside,CA,USA
ucsb,"University of California, Santa Barbara",Santa Barbara,CA,USA
ucsd,"University of California, San Diego",La Jolla,CA,USA
ulala,University of Louisiana at Lafayette,Lafayette,LA,USA
ulamo,University of Louisiana at Monroe,Monroe,LA,USA
umass,University of Massachusetts Amherst,Amherst,MA,USA
umassdartm,University of Massachusetts Dartmouth,North Dartmouth,MA,USA
umbc,"University of Maryland, Baltimore County",Baltimore,MD,USA
umes,University of Maryland Eastern Shore,Princess Anne,MD,USA
umkc,University of Missouri Kansas City,Kansas City,MO,USA
unc,University of North Carolina at Chapel Hill,Chapel Hill,NC,USA
uncashe,University of North Carolina at Asheville,Asheville,NC,USA
uncgreen,University of North Carolina at Greensboro,Greensboro,NC,USA
uncwilm,University of North Carolina at Wilmington,Wilmington,NC,USA
unionny,Union College,Schenectady,NY,USA
uniontn,Union University,Jackson,TN,USA
unlv,University of Nevada-Las Vegas,Las Vegas,NV,USA
uofsouth,University of the South,Sewanee,TN,USA
upenn,University of Pennsylvania,Philadelphia,PA,USA
upperiowa,Upper Iowa University,Fayette,IA,USA
ursinus,Ursinus College,Collegeville,PA,USA
usc,University of Southern California,Los Angeles,CA,USA
uscaiken,University of South Carolina Aiken,Aiken,SC,USA
utah,University of Utah,Salt Lake City,UT,USA
utahst,Utah State University,Logan,UT,USA
utahvalley,Utah Valley State University,Orem,UT,USA
utarl,University of Texas at Arlington,Arlington,TX,USA
utchat,University of Tennessee at Chattanooga,Chattanooga,TN,USA
utdixie,Dixie State College of Utah,St. George,UT,USA
utep,University of Texas at El Paso,El Paso,TX,USA
utpanam,University of Texas Pan American,Edinburg,TX,USA
utslxxo,Salt Lake Community College,Salt Lake City,UT,USA
utsnojc,Snow College,Ephraim,UT,USA
vaappre,Newport News Apprentice School,Newport News,VA,USA
vaemenn,Eastern Mennonite University,Harrisonburg,VA,USA
valdostast,Valdosta State University,Valdosta,GA,USA
valpo,Valparaiso University,Valparaiso,IN,USA
vamedic,Medical College of Virginia,Richmond,VA,USA
vandy,Vanderbilt University,Nashville,TN,USA
vanguardca,Vanguard University of Southern California,Costa Mesa,CA,USA
vatech,Virginia Polytechnic Institute and State University,Blacksburg,VA,USA
vcu,Virginia Commonwealth University,Richmond,VA,USA
vermont,University of Vermont,Burlington,VT,USA
villanova,Villanova University,Villanova,PA,USA
virginia,University of Virginia,Charlottesville,VA,USA
virginiast,Virginia State University,Petersburg,VA,USA
viterbowi,Viterbo University,La Crosse,WI,USA
vmi,Virginia Military Institute,Lexington,VA,USA
wabashin,Wabash College,Crawfordsville,IN,USA
wabelle,Bellevue Community College,Bellevue,WA,USA
wacentr,Centralia College,Centralia,WA,USA
waclark,Clark College,Vancouver,WA,USA
wacolum,Columbia Basin College,Pasco,WA,USA
waedmon,Edmonds Community College,Lynnwood,WA,USA
waevere,Everett Community College,Everett,WA,USA
wagner,Wagner College,Staten Island,NY,USA
wagreen,Green River Community College,Auburn,WA,USA
wake,Wake Forest University,Winston-Salem,NC,USA
walabama,University of West Alabama,Livingston,AL,USA
walower,Lower Columbia College,Longview,WA,USA
waolymp,Olympic College,Bremerton,WA,USA
warnerpac,Warner Pacific College,Portland,OR,USA
wasfcco,Spokane Falls Community College,Spokane,WA,USA
washburn,Washburn University,Topeka,KS,USA
washcollmd,Washington College,Chestertown,MD,USA
washcolltn,Washington College,Jonesborough,TN,USA
washington,University of Washington,Seattle,WA,USA
washjeffpa,Washington and Jefferson College,Washington,PA,USA
washleeva,Washington and Lee University,Lexington,VA,USA
washore,Shoreline Community College,Shoreline,WA,USA
washst,Washington State University,Pullman,WA,USA
watacom,Tacoma Community College,Tacoma,WA,USA
wawalla,Walla Walla Community College,Walla Walla,WA,USA
wawenat,Wenatchee Valley College,Wenatchee,WA,USA
wayakim,Yakima Valley Community College,Yakima,WA,USA
waynesburg,Waynesburg College,Waynesburg,PA,USA
waynest,Wayne State University,Detroit,MI,USA
waynestne,Wayne State College,Wayne,NE,USA
wcarolina,Western Carolina University,Cullowhee,NC,USA
wchester,West Chester University of Pennsylvania,West Chester,PA,USA
wconnst,Western Connecticut State University,Danbury,CT,USA
weberst,Weber State College,Ogden,UT,USA
wesleyanct,Wesleyan University,Middletown,CT,USA
westmontca,Westmont College,Santa Barbara,CA,USA
wflorida,University of West Florida,Pensacola,FL,USA
wgeorgia,State University of West Georgia,Carrollton,GA,USA
wheatonma,Wheaton College,Wheaton,MA,USA
whitmanwa,Whitman College,Walla Walla,WA,USA
whittierca,Whittier College,Whittier,CA,USA
whitwrthwa,Whitworth College,Spokane,WA,USA
wicarro,Carroll College,Waukesha,WI,USA
wichitast,Wichita State University,Wichita,KS,USA
widenerpa,Widener University,Chester,PA,USA
wilacrosse,University of Wisconsin at La Crosse,La Crosse,WI,USA
wilawre,Lawrence University,Appleton,WI,USA
wilbrforce,Wilberforce University,Wilberforce,OH,USA
wileytx,Wiley College,Marshall,TX,USA
wilkespa,Wilkes University,Wilkes-Barre,PA,USA
willamette,Willamette University,Salem,OR,USA
williamsma,Williams College,Williamstown,MA,USA
willinois,Western Illinois University,Macomb,IL,USA
willmary,College of William and Mary,Williamsburg,VA,USA
wingate,Wingate University,Wingate,NC,USA
winstsalst,Winston-Salem State University,Winston-Salem,NC,USA
winthrop,Winthrop University,Rock Hill,SC,USA
wioshkosh,University of Wisconsin at Oshkosh,Oshkosh,WI,USA
wisacre,Sacred Heart College,Watertown,WI,USA
wisconsin,University of Wisconsin at Madison,Madison,WI,USA
wistnor,St. Norbert College,De Pere,WI,USA
wistvnspt,University of Wisconsin at Stevens Point,Stevens Point,WI,USA
wisuperior,University of Wisconsin at Superior,Superior,WI,USA
wittnbrgoh,Wittenberg University,Springfield,OH,USA
wiwhitewtr,University of Wisconsin at Whitewater,Whitewater,WI,USA
wkentucky,Western Kentucky University,Bowling Green,KY,USA
wlibertyst,West Liberty State College,West Liberty,WV,USA
wlmcarey,William Carey College,Hattiesburg,MS,USA
wlmjewell,William Jewell College,Liberty,MO,USA
wlmpennia,William Penn University,Oskaloosa,IA,USA
wmichigan,Western Michigan University,Kalamazoo,MI,USA
wminstermo,Westminster College,Fulton,MO,USA
wminsterpa,Westminster College,New Wilmington,PA,USA
wofford,Wofford College,Spartanburg,SC,USA
woosteroh,College of Wooster,Wooster,OH,USA
wpaterson,William Paterson University,Wayne,NJ,USA
wrightst,Wright State University,Dayton,OH,USA
wshngtonmo,Washington University in St. Louis,St. Louis,MO,USA
wvirginia,West Virginia University,Morgantown,WV,USA
wvpotom,Potomac State College,Keyser,WV,USA
wvstate,West Virginia State University,Institute,WV,USA
wvwesleyan,West Virginia Wesleyan College,Buckhannon,WV,USA
wwashngton,Western Washington University,Bellingham,WA,USA
wyoming,University of Wyoming,Laramie,WY,USA
xavier,Xavier University,Cincinnati,OH,USA
yale,Yale University,New Haven,CT,USA
youngst,Youngstown State University,Youngstown,OH,USA
